-500.0000E-06,+550.5637493E-03
-499.5000E-06,+554.5681463E-03
-499.0000E-06,+570.7427692E-03
-498.5000E-06,+571.9990506E-03
-498.0000E-06,+571.9990506E-03
-497.5000E-06,+570.1931461E-03
-497.0000E-06,+558.0229201E-03
-496.5000E-06,+551.8985483E-03
-496.0000E-06,+536.1950309E-03
-495.5000E-06,+520.1774431E-03
-495.0000E-06,+496.8577198E-03
-494.5000E-06,+479.0342275E-03
-494.0000E-06,+463.2521925E-03
-493.5000E-06,+446.8420168E-03
-493.0000E-06,+430.2748059E-03
-492.5000E-06,+413.1579719E-03
-492.0000E-06,+411.2735498E-03
-491.5000E-06,+411.5091026E-03
-491.0000E-06,+407.8187760E-03
-490.5000E-06,+403.8928966E-03
-490.0000E-06,+411.1950322E-03
-489.5000E-06,+413.5505598E-03
-489.0000E-06,+418.7327206E-03
-488.5000E-06,+432.0807104E-03
-488.0000E-06,+433.1014390E-03
-487.5000E-06,+435.0643787E-03
-487.0000E-06,+452.4167655E-03
-486.5000E-06,+463.9588508E-03
-486.0000E-06,+458.3841021E-03
-485.5000E-06,+471.4965391E-03
-485.0000E-06,+478.7201571E-03
-484.5000E-06,+487.9067148E-03
-484.0000E-06,+488.2207852E-03
-483.5000E-06,+497.8784484E-03
-483.0000E-06,+490.3407600E-03
-482.5000E-06,+492.3036997E-03
-482.0000E-06,+485.2371169E-03
-481.5000E-06,+472.7528205E-03
-481.0000E-06,+456.5781976E-03
-480.5000E-06,+451.6315896E-03
-480.0000E-06,+430.2748059E-03
-479.5000E-06,+404.9136253E-03
-479.0000E-06,+374.9199070E-03
-478.5000E-06,+345.8683998E-03
-478.0000E-06,+312.3413901E-03
-477.5000E-06,+286.7446567E-03
-477.0000E-06,+252.1969184E-03
-476.5000E-06,+226.0505619E-03
-476.0000E-06,+207.7559641E-03
-475.5000E-06,+191.1102356E-03
-475.0000E-06,+178.7829744E-03
-474.5000E-06,+169.6749343E-03
-474.0000E-06,+160.7239294E-03
-473.5000E-06,+156.2484269E-03
-473.0000E-06,+154.7565928E-03
-472.5000E-06,+159.3891304E-03
-472.0000E-06,+158.7609897E-03
-471.5000E-06,+153.7358641E-03
-471.0000E-06,+170.8526981E-03
-470.5000E-06,+173.2867433E-03
-470.0000E-06,+177.2126227E-03
-469.5000E-06,+175.9563413E-03
-469.0000E-06,+190.1680246E-03
-468.5000E-06,+190.0895070E-03
-468.0000E-06,+189.3828487E-03
-467.5000E-06,+188.8332256E-03
-467.0000E-06,+178.6259393E-03
-466.5000E-06,+166.2201605E-03
-466.0000E-06,+154.4425224E-03
-465.5000E-06,+144.9418944E-03
-465.0000E-06,+128.7672714E-03
-464.5000E-06,+100.2653873E-03
-464.0000E-06,+82.1278247E-03
-463.5000E-06,+48.6008150E-03
-463.0000E-06,+28.0292072E-03
-462.5000E-06,-10.9940336E-03
-462.0000E-06,-36.9833549E-03
-461.5000E-06,-67.9978018E-03
-461.0000E-06,-92.7308418E-03
-460.5000E-06,-119.6623741E-03
-460.0000E-06,-134.1096102E-03
-459.5000E-06,-150.5197859E-03
-459.0000E-06,-163.1611174E-03
-458.5000E-06,-170.4632530E-03
-458.0000E-06,-177.2157655E-03
-457.5000E-06,-184.0467956E-03
-457.0000E-06,-173.9180268E-03
-456.5000E-06,-171.8765696E-03
-456.0000E-06,-172.0336047E-03
-455.5000E-06,-172.0336047E-03
-455.0000E-06,-163.2396350E-03
-454.5000E-06,-156.4086049E-03
-454.0000E-06,-150.7553386E-03
-453.5000E-06,-150.3627507E-03
-453.0000E-06,-145.4946603E-03
-452.5000E-06,-132.0681529E-03
-452.0000E-06,-130.2622484E-03
-451.5000E-06,-126.4934042E-03
-451.0000E-06,-127.3570977E-03
-450.5000E-06,-125.7082283E-03
-450.0000E-06,-130.3407660E-03
-449.5000E-06,-130.4978012E-03
-449.0000E-06,-140.3910171E-03
-448.5000E-06,-151.0694090E-03
-448.0000E-06,-167.0869967E-03
-447.5000E-06,-177.0587303E-03
-447.0000E-06,-193.5474236E-03
-446.5000E-06,-218.4374987E-03
-446.0000E-06,-242.9349859E-03
-445.5000E-06,-270.4161414E-03
-445.0000E-06,-289.3388799E-03
-444.5000E-06,-312.1089801E-03
-444.0000E-06,-332.5235528E-03
-443.5000E-06,-339.0405125E-03
-443.0000E-06,-348.0700350E-03
-442.5000E-06,-342.1026984E-03
-442.0000E-06,-345.0863667E-03
-441.5000E-06,-341.7101105E-03
-441.0000E-06,-332.4450352E-03
-440.5000E-06,-315.4852364E-03
-440.0000E-06,-303.6290807E-03
-439.5000E-06,-289.4959150E-03
-439.0000E-06,-271.6724228E-03
-438.5000E-06,-250.6297094E-03
-438.0000E-06,-229.9795840E-03
-437.5000E-06,-210.6642576E-03
-437.0000E-06,-194.0970467E-03
-436.5000E-06,-174.6246851E-03
-436.0000E-06,-155.3093587E-03
-435.5000E-06,-144.7880020E-03
-435.0000E-06,-141.0976754E-03
-434.5000E-06,-130.1837308E-03
-434.0000E-06,-124.1378766E-03
-433.5000E-06,-126.3363690E-03
-433.0000E-06,-126.4934042E-03
-432.5000E-06,-121.4682786E-03
-432.0000E-06,-130.5763187E-03
-431.5000E-06,-130.4192836E-03
-431.0000E-06,-143.9243086E-03
-430.5000E-06,-152.3256904E-03
-430.0000E-06,-167.2440319E-03
-429.5000E-06,-176.3520720E-03
-429.0000E-06,-187.7371222E-03
-428.5000E-06,-191.7415191E-03
-428.0000E-06,-198.0229261E-03
-427.5000E-06,-199.6717954E-03
-427.0000E-06,-190.5637553E-03
-426.5000E-06,-183.8897604E-03
-426.0000E-06,-179.4142579E-03
-425.5000E-06,-165.6736802E-03
-425.0000E-06,-150.3627507E-03
-424.5000E-06,-129.8696605E-03
-424.0000E-06,-110.1617461E-03
-423.5000E-06,-89.4331031E-03
-423.0000E-06,-68.1548370E-03
-422.5000E-06,-48.3684051E-03
-422.0000E-06,-23.2427772E-03
-421.5000E-06,-1.9645111E-03
-421.0000E-06,+17.6648857E-03
-420.5000E-06,+39.1787046E-03
-420.0000E-06,+64.6969204E-03
-419.5000E-06,+83.8552116E-03
-419.0000E-06,+100.1083522E-03
-418.5000E-06,+112.2000606E-03
-418.0000E-06,+133.5568443E-03
-417.5000E-06,+141.3300854E-03
-417.0000E-06,+149.8885024E-03
-416.5000E-06,+151.4588541E-03
-416.0000E-06,+155.1491807E-03
-415.5000E-06,+151.3018189E-03
-415.0000E-06,+153.8928993E-03
-414.5000E-06,+147.4544572E-03
-414.0000E-06,+132.9287036E-03
-413.5000E-06,+122.2503117E-03
-413.0000E-06,+110.9437792E-03
-412.5000E-06,+105.8401360E-03
-412.0000E-06,+91.2358648E-03
-411.5000E-06,+85.3470458E-03
-411.0000E-06,+89.0373724E-03
-410.5000E-06,+93.3558397E-03
-410.0000E-06,+101.8357391E-03
-409.5000E-06,+108.5097340E-03
-409.0000E-06,+129.4739297E-03
-408.5000E-06,+139.2886281E-03
-408.0000E-06,+160.1743063E-03
-407.5000E-06,+189.3043311E-03
-407.0000E-06,+202.5738033E-03
-406.5000E-06,+218.5128735E-03
-406.0000E-06,+252.5895063E-03
-405.5000E-06,+273.3181493E-03
-405.0000E-06,+292.0838526E-03
-404.5000E-06,+311.7917670E-03
-404.0000E-06,+335.1900079E-03
-403.5000E-06,+350.0298319E-03
-403.0000E-06,+364.7911383E-03
-402.5000E-06,+372.2503090E-03
-402.0000E-06,+378.0606105E-03
-401.5000E-06,+387.3256858E-03
-401.0000E-06,+386.4619923E-03
-400.5000E-06,+382.6931481E-03
-400.0000E-06,+372.1717914E-03
-399.5000E-06,+369.8947814E-03
-399.0000E-06,+356.6253092E-03
-398.5000E-06,+338.8803345E-03
-398.0000E-06,+320.5072191E-03
-397.5000E-06,+308.6510635E-03
-397.0000E-06,+291.4557119E-03
-396.5000E-06,+273.0040789E-03
-396.0000E-06,+259.7346067E-03
-395.5000E-06,+250.7836018E-03
-395.0000E-06,+238.0637527E-03
-394.5000E-06,+234.9230492E-03
-394.0000E-06,+241.1259386E-03
-393.5000E-06,+233.0386271E-03
-393.0000E-06,+235.0015668E-03
-392.5000E-06,+243.0888783E-03
-392.0000E-06,+250.3910139E-03
-391.5000E-06,+256.5939032E-03
-391.0000E-06,+261.1479233E-03
-390.5000E-06,+271.7477975E-03
-390.0000E-06,+289.3357371E-03
-389.5000E-06,+295.0675209E-03
-389.0000E-06,+295.6171440E-03
-388.5000E-06,+310.6925208E-03
-388.0000E-06,+319.4079729E-03
-387.5000E-06,+324.5116161E-03
-387.0000E-06,+330.9500582E-03
-386.5000E-06,+337.5455355E-03
-386.0000E-06,+331.4211637E-03
-385.5000E-06,+332.8344803E-03
-385.0000E-06,+330.4789527E-03
-384.5000E-06,+313.2050835E-03
-384.0000E-06,+302.6052093E-03
-383.5000E-06,+291.8482998E-03
-383.0000E-06,+271.7477975E-03
-382.5000E-06,+247.5643807E-03
-382.0000E-06,+214.9010645E-03
-381.5000E-06,+185.3784517E-03
-381.0000E-06,+154.2069697E-03
-380.5000E-06,+124.9984273E-03
-380.0000E-06,+93.2773221E-03
-379.5000E-06,+67.9161414E-03
-379.0000E-06,+48.2867447E-03
-378.5000E-06,+30.5417700E-03
-378.0000E-06,+18.0574736E-03
-377.5000E-06,+11.1479260E-03
-377.0000E-06,+5.8087300E-03
-376.5000E-06,-4.0844859E-03
-376.0000E-06,+5.8087300E-03
-375.5000E-06,+5.8087300E-03
-375.0000E-06,+7.9287049E-03
-374.5000E-06,+10.2057149E-03
-374.0000E-06,+14.6026998E-03
-373.5000E-06,+26.7729258E-03
-373.0000E-06,+28.0292072E-03
-372.5000E-06,+30.5417700E-03
-372.0000E-06,+30.7773227E-03
-371.5000E-06,+33.6039559E-03
-371.0000E-06,+34.6246845E-03
-370.5000E-06,+30.5417700E-03
-370.0000E-06,+27.0084786E-03
-369.5000E-06,+12.3256898E-03
-369.0000E-06,+10.1271973E-03
-368.5000E-06,-13.3495612E-03
-368.0000E-06,-35.5700384E-03
-367.5000E-06,-52.6868723E-03
-367.0000E-06,-77.2628771E-03
-366.5000E-06,-102.0744346E-03
-366.0000E-06,-132.6177760E-03
-365.5000E-06,-162.8470470E-03
-365.0000E-06,-193.6259412E-03
-364.5000E-06,-223.3055891E-03
-364.0000E-06,-252.1215436E-03
-363.5000E-06,-282.1937794E-03
-363.0000E-06,-298.6039551E-03
-362.5000E-06,-324.9858644E-03
-362.0000E-06,-332.9946583E-03
-361.5000E-06,-341.4745577E-03
-361.0000E-06,-350.8966681E-03
-360.5000E-06,-356.0788289E-03
-360.0000E-06,-355.1366178E-03
-359.5000E-06,-353.8803365E-03
-359.0000E-06,-355.2936530E-03
-358.5000E-06,-355.7647585E-03
-358.0000E-06,-351.9959144E-03
-357.5000E-06,-347.5989295E-03
-357.0000E-06,-339.1975477E-03
-356.5000E-06,-337.5486783E-03
-356.0000E-06,-331.4243065E-03
-355.5000E-06,-324.7503116E-03
-355.0000E-06,-317.2126233E-03
-354.5000E-06,-316.5059650E-03
-354.0000E-06,-312.1089801E-03
-353.5000E-06,-312.4230505E-03
-353.0000E-06,-313.6793319E-03
-352.5000E-06,-326.2421458E-03
-352.0000E-06,-330.3250603E-03
-351.5000E-06,-343.7515677E-03
-351.0000E-06,-359.2980500E-03
-350.5000E-06,-373.7452860E-03
-350.0000E-06,-399.1849842E-03
-349.5000E-06,-422.8972955E-03
-349.0000E-06,-454.4613655E-03
-348.5000E-06,-479.1944055E-03
-348.0000E-06,-506.9111137E-03
-347.5000E-06,-532.3508119E-03
-347.0000E-06,-552.5298318E-03
-346.5000E-06,-572.4732989E-03
-346.0000E-06,-572.1592286E-03
-345.5000E-06,-574.9073441E-03
-345.0000E-06,-574.0436507E-03
-344.5000E-06,-573.4940276E-03
-344.0000E-06,-562.2660126E-03
-343.5000E-06,-545.6202841E-03
-343.0000E-06,-533.8426461E-03
-342.5000E-06,-513.9776965E-03
-342.0000E-06,-507.7748072E-03
-341.5000E-06,-489.4016918E-03
-341.0000E-06,-466.0819684E-03
-340.5000E-06,-450.7710389E-03
-340.0000E-06,-431.7697829E-03
-339.5000E-06,-414.3388785E-03
-339.0000E-06,-396.1227983E-03
-338.5000E-06,-385.2873713E-03
-338.0000E-06,-373.9808388E-03
-337.5000E-06,-364.0091052E-03
-337.0000E-06,-360.3972962E-03
-336.5000E-06,-359.7691555E-03
-336.0000E-06,-360.3187786E-03
-335.5000E-06,-359.3765676E-03
-335.0000E-06,-373.0386277E-03
-334.5000E-06,-375.3156377E-03
-334.0000E-06,-385.6014416E-03
-333.5000E-06,-403.2678987E-03
-333.0000E-06,-418.1077227E-03
-332.5000E-06,-430.8275718E-03
-332.0000E-06,-448.4155113E-03
-331.5000E-06,-453.3621193E-03
-331.0000E-06,-469.3797071E-03
-330.5000E-06,-471.9707875E-03
-330.0000E-06,-471.9707875E-03
-329.5000E-06,-464.9042046E-03
-329.0000E-06,-452.8124962E-03
-328.5000E-06,-450.5354862E-03
-328.0000E-06,-432.0053356E-03
-327.5000E-06,-418.9714162E-03
-327.0000E-06,-394.2383762E-03
-326.5000E-06,-376.6504367E-03
-326.0000E-06,-364.0876228E-03
-325.5000E-06,-336.6064673E-03
-325.0000E-06,-311.1667691E-03
-324.5000E-06,-288.1611161E-03
-324.0000E-06,-270.1805886E-03
-323.5000E-06,-240.7364934E-03
-323.0000E-06,-212.6271973E-03
-322.5000E-06,-191.5844839E-03
-322.0000E-06,-170.4632530E-03
-321.5000E-06,-152.2471728E-03
-321.0000E-06,-130.9689067E-03
-320.5000E-06,-119.9764445E-03
-320.0000E-06,-110.1617461E-03
-319.5000E-06,-100.5040829E-03
-319.0000E-06,-96.4996859E-03
-318.5000E-06,-97.3633794E-03
-318.0000E-06,-103.9588567E-03
-317.5000E-06,-111.7320978E-03
-317.0000E-06,-128.2207911E-03
-316.5000E-06,-139.6058413E-03
-316.0000E-06,-160.1774491E-03
-315.5000E-06,-170.4632530E-03
-315.0000E-06,-185.3815945E-03
-314.5000E-06,-192.6837301E-03
-314.0000E-06,-193.7829764E-03
-313.5000E-06,-191.4274487E-03
-313.0000E-06,-188.5222980E-03
-312.5000E-06,-171.7195344E-03
-312.0000E-06,-162.2974239E-03
-311.5000E-06,-142.2754392E-03
-311.0000E-06,-120.7616204E-03
-310.5000E-06,-94.5367463E-03
-310.0000E-06,-75.2999374E-03
-309.5000E-06,-51.1165206E-03
-309.0000E-06,-27.7182796E-03
-308.5000E-06,-6.9896367E-03
-308.0000E-06,+13.7390063E-03
-307.5000E-06,+41.6127498E-03
-307.0000E-06,+57.7088551E-03
-306.5000E-06,+73.9619956E-03
-306.0000E-06,+95.6328497E-03
-305.5000E-06,+110.3156385E-03
-305.0000E-06,+118.2459148E-03
-304.5000E-06,+129.7880001E-03
-304.0000E-06,+133.1642563E-03
-303.5000E-06,+130.0235528E-03
-303.0000E-06,+127.4324725E-03
-302.5000E-06,+125.7050855E-03
-302.0000E-06,+109.7660154E-03
-301.5000E-06,+101.6001863E-03
-301.0000E-06,+84.7189051E-03
-300.5000E-06,+65.3250611E-03
-300.0000E-06,+48.0511919E-03
-299.5000E-06,+28.5788303E-03
-299.0000E-06,+11.2264436E-03
-298.5000E-06,-7.9318477E-03
-298.0000E-06,-14.0562195E-03
-297.5000E-06,-15.9406416E-03
-297.0000E-06,-18.6887571E-03
-296.5000E-06,-17.9820988E-03
-296.0000E-06,-21.3583551E-03
-295.5000E-06,-15.2339833E-03
-295.0000E-06,-10.9155160E-03
-294.5000E-06,+1.5687803E-03
-294.0000E-06,+11.5405139E-03
-293.5000E-06,+13.9745591E-03
-293.0000E-06,+30.2276996E-03
-292.5000E-06,+50.8778250E-03
-292.0000E-06,+62.1843576E-03
-291.5000E-06,+71.9990560E-03
-291.0000E-06,+86.3677744E-03
-290.5000E-06,+98.1454125E-03
-290.0000E-06,+110.1586033E-03
-289.5000E-06,+112.5141309E-03
-289.0000E-06,+120.2873720E-03
-288.5000E-06,+127.6680252E-03
-288.0000E-06,+125.5480504E-03
-287.5000E-06,+110.8652616E-03
-287.0000E-06,+108.5882516E-03
-286.5000E-06,+92.8847341E-03
-286.0000E-06,+70.6642570E-03
-285.5000E-06,+53.4689054E-03
-285.0000E-06,+26.4588555E-03
-284.5000E-06,-9.8162698E-03
-284.0000E-06,-43.2647619E-03
-283.5000E-06,-70.4318470E-03
-283.0000E-06,-109.6906406E-03
-282.5000E-06,-132.6177760E-03
-282.0000E-06,-157.1937808E-03
-281.5000E-06,-179.8068459E-03
-281.0000E-06,-189.3074739E-03
-280.5000E-06,-192.8407653E-03
-280.0000E-06,-209.7220465E-03
-279.5000E-06,-211.2923983E-03
-279.0000E-06,-210.6642576E-03
-278.5000E-06,-208.1516948E-03
-278.0000E-06,-198.1014436E-03
-277.5000E-06,-194.6466698E-03
-277.0000E-06,-191.4274487E-03
-276.5000E-06,-184.2823483E-03
-276.0000E-06,-172.5832278E-03
-275.5000E-06,-171.7195344E-03
-275.0000E-06,-169.2854892E-03
-274.5000E-06,-165.4381274E-03
-274.0000E-06,-165.0455395E-03
-273.5000E-06,-170.4632530E-03
-273.0000E-06,-170.4632530E-03
-272.5000E-06,-173.2898861E-03
-272.0000E-06,-190.6422729E-03
-271.5000E-06,-208.3872476E-03
-271.0000E-06,-217.9663932E-03
-270.5000E-06,-237.4387548E-03
-270.0000E-06,-265.7836037E-03
-269.5000E-06,-288.5537040E-03
-269.0000E-06,-313.0511912E-03
-268.5000E-06,-349.5618692E-03
-268.0000E-06,-380.4192809E-03
-267.5000E-06,-411.4337278E-03
-267.0000E-06,-440.0141295E-03
-266.5000E-06,-473.2270688E-03
-266.0000E-06,-495.3690284E-03
-265.5000E-06,-517.1184000E-03
-265.0000E-06,-533.2930230E-03
-264.5000E-06,-549.3891283E-03
-264.0000E-06,-558.5756860E-03
-263.5000E-06,-573.3369924E-03
-263.0000E-06,-572.4732989E-03
-262.5000E-06,-581.2672687E-03
-262.0000E-06,-576.0851079E-03
-261.5000E-06,-574.5932738E-03
-261.0000E-06,-575.6925200E-03
-260.5000E-06,-573.3369924E-03
-260.0000E-06,-563.4437764E-03
-259.5000E-06,-552.4513142E-03
-259.0000E-06,-552.3727966E-03
-258.5000E-06,-542.5580983E-03
-258.0000E-06,-530.1523195E-03
-257.5000E-06,-531.3300833E-03
-257.0000E-06,-524.7346060E-03
-256.5000E-06,-529.6026964E-03
-256.0000E-06,-525.0486763E-03
-255.5000E-06,-532.2722943E-03
-255.0000E-06,-543.1077214E-03
-254.5000E-06,-551.5876208E-03
-254.0000E-06,-569.8037010E-03
-253.5000E-06,-590.3753088E-03
-253.0000E-06,-608.8269418E-03
-252.5000E-06,-641.4117404E-03
-252.0000E-06,-665.7521924E-03
-251.5000E-06,-697.3947800E-03
-251.0000E-06,-726.5248048E-03
-250.5000E-06,-750.4726689E-03
-250.0000E-06,-773.5568395E-03
-249.5000E-06,-794.4425177E-03
-249.0000E-06,-797.8187739E-03
-248.5000E-06,-797.9758091E-03
-248.0000E-06,-809.9104823E-03
-247.5000E-06,-812.1874923E-03
-247.0000E-06,-802.1372412E-03
-246.5000E-06,-793.5788242E-03
-246.0000E-06,-779.6026937E-03
-245.5000E-06,-772.6146285E-03
-245.0000E-06,-755.6548296E-03
-244.5000E-06,-739.3231715E-03
-244.0000E-06,-723.6981717E-03
-243.5000E-06,-703.9117397E-03
-243.0000E-06,-693.0763127E-03
-242.5000E-06,-672.9758104E-03
-242.0000E-06,-656.9582227E-03
-241.5000E-06,-647.1435243E-03
-241.0000E-06,-635.0518159E-03
-240.5000E-06,-625.4726702E-03
-240.0000E-06,-619.9764391E-03
-239.5000E-06,-617.3068412E-03
-239.0000E-06,-617.0712884E-03
-238.5000E-06,-624.8445295E-03
-238.0000E-06,-630.4977958E-03
-237.5000E-06,-632.8533234E-03
-237.0000E-06,-642.6680218E-03
-236.5000E-06,-652.8753081E-03
-236.0000E-06,-669.3640014E-03
-235.5000E-06,-681.1416395E-03
-235.0000E-06,-699.2006845E-03
-234.5000E-06,-711.9205336E-03
-234.0000E-06,-713.1768150E-03
-233.5000E-06,-732.2565887E-03
-233.0000E-06,-728.2521917E-03
-232.5000E-06,-715.6893778E-03
-232.0000E-06,-715.6893778E-03
-231.5000E-06,-713.3338502E-03
-231.0000E-06,-706.0317146E-03
-230.5000E-06,-692.1341017E-03
-230.0000E-06,-671.0128707E-03
-229.5000E-06,-653.5819664E-03
-229.0000E-06,-640.7050821E-03
-228.5000E-06,-617.3068412E-03
-228.0000E-06,-587.8627460E-03
-227.5000E-06,-567.2126206E-03
-227.0000E-06,-539.3388772E-03
-226.5000E-06,-512.9569679E-03
-226.0000E-06,-491.7572194E-03
-225.5000E-06,-462.8627473E-03
-225.0000E-06,-434.2823456E-03
-224.5000E-06,-415.4381247E-03
-224.0000E-06,-400.6768184E-03
-223.5000E-06,-388.4280748E-03
-223.0000E-06,-371.0756880E-03
-222.5000E-06,-371.4682760E-03
-222.0000E-06,-367.9349845E-03
-221.5000E-06,-366.6001856E-03
-221.0000E-06,-368.3275725E-03
-220.5000E-06,-379.0059643E-03
-220.0000E-06,-392.5895069E-03
-219.5000E-06,-402.2471701E-03
-219.0000E-06,-419.9136272E-03
-218.5000E-06,-432.7119939E-03
-218.0000E-06,-443.7044561E-03
-217.5000E-06,-451.8702852E-03
-217.0000E-06,-452.5769434E-03
-216.5000E-06,-450.2999334E-03
-216.0000E-06,-432.9475467E-03
-215.5000E-06,-429.2572201E-03
-215.0000E-06,-412.2189037E-03
-214.5000E-06,-400.9908887E-03
-214.0000E-06,-372.7245574E-03
-213.5000E-06,-352.2314671E-03
-213.0000E-06,-331.2672714E-03
-212.5000E-06,-311.1667691E-03
-212.0000E-06,-281.1730508E-03
-211.5000E-06,-255.3407646E-03
-211.0000E-06,-232.0210413E-03
-210.5000E-06,-211.5279510E-03
-210.0000E-06,-192.6052126E-03
-209.5000E-06,-174.0750620E-03
-209.0000E-06,-152.0901376E-03
-208.5000E-06,-136.4651378E-03
-208.0000E-06,-130.2622484E-03
-207.5000E-06,-112.2032034E-03
-207.0000E-06,-111.1824747E-03
-206.5000E-06,-110.3187813E-03
-206.0000E-06,-110.0047109E-03
-205.5000E-06,-110.1617461E-03
-205.0000E-06,-117.5423993E-03
-204.5000E-06,-127.9067208E-03
-204.0000E-06,-138.7421478E-03
-203.5000E-06,-154.1315949E-03
-203.0000E-06,-169.1284540E-03
-202.5000E-06,-181.7697855E-03
-202.0000E-06,-193.4689060E-03
-201.5000E-06,-205.5606144E-03
-201.0000E-06,-213.6479259E-03
-200.5000E-06,-214.6686545E-03
-200.0000E-06,-213.2553380E-03
-199.5000E-06,-212.1560917E-03
-199.0000E-06,-218.3589811E-03
-198.5000E-06,-216.3960414E-03
-198.0000E-06,-208.8583531E-03
-197.5000E-06,-192.6052126E-03
-197.0000E-06,-190.5637553E-03
-196.5000E-06,-184.4393835E-03
-196.0000E-06,-169.5995595E-03
-195.5000E-06,-150.9123738E-03
-195.0000E-06,-134.5807157E-03
-194.5000E-06,-127.5141328E-03
-194.0000E-06,-110.0047109E-03
-193.5000E-06,-94.1441583E-03
-193.0000E-06,-84.7220479E-03
-192.5000E-06,-72.4733043E-03
-192.0000E-06,-67.3696611E-03
-191.5000E-06,-62.2660180E-03
-191.0000E-06,-64.7000632E-03
-190.5000E-06,-68.4689073E-03
-190.0000E-06,-72.2377515E-03
-189.5000E-06,-85.4287062E-03
-189.0000E-06,-106.3929019E-03
-188.5000E-06,-116.3646355E-03
-188.0000E-06,-148.3212934E-03
-187.5000E-06,-185.6171473E-03
-187.0000E-06,-207.5235541E-03
-186.5000E-06,-231.6284533E-03
-186.0000E-06,-267.5109906E-03
-185.5000E-06,-291.5373723E-03
-185.0000E-06,-311.9519449E-03
-184.5000E-06,-330.0895076E-03
-184.0000E-06,-340.9249346E-03
-183.5000E-06,-343.8300853E-03
-183.0000E-06,-352.6240551E-03
-182.5000E-06,-355.9217937E-03
-182.0000E-06,-352.6240551E-03
-181.5000E-06,-351.3677737E-03
-181.0000E-06,-342.5738039E-03
-180.5000E-06,-342.4167687E-03
-180.0000E-06,-331.8168945E-03
-179.5000E-06,-320.8244323E-03
-179.0000E-06,-315.8778243E-03
-178.5000E-06,-317.9977991E-03
-178.0000E-06,-313.6793319E-03
-177.5000E-06,-310.4601108E-03
-177.0000E-06,-311.6378746E-03
-176.5000E-06,-311.7949098E-03
-176.0000E-06,-314.0719198E-03
-175.5000E-06,-317.4481760E-03
-175.0000E-06,-331.3457890E-03
-174.5000E-06,-342.7308391E-03
-174.0000E-06,-353.0951606E-03
-173.5000E-06,-372.1749342E-03
-173.0000E-06,-393.4532004E-03
-172.5000E-06,-413.7107378E-03
-172.0000E-06,-445.9029485E-03
-171.5000E-06,-473.9337271E-03
-171.0000E-06,-503.6918926E-03
-170.5000E-06,-533.0574702E-03
-170.0000E-06,-563.9933995E-03
-169.5000E-06,-591.9456605E-03
-169.0000E-06,-614.6372432E-03
-168.5000E-06,-637.6428962E-03
-168.0000E-06,-655.1523182E-03
-167.5000E-06,-669.5210366E-03
-167.0000E-06,-684.7534485E-03
-166.5000E-06,-697.2377448E-03
-166.0000E-06,-705.6391267E-03
-165.5000E-06,-702.0273176E-03
-165.0000E-06,-703.9117397E-03
-164.5000E-06,-709.0153829E-03
-164.0000E-06,-705.6391267E-03
-163.5000E-06,-695.5888755E-03
-163.0000E-06,-692.0555841E-03
-162.5000E-06,-691.8200313E-03
-162.0000E-06,-680.9060867E-03
-161.5000E-06,-675.4883732E-03
-161.0000E-06,-671.7195290E-03
-160.5000E-06,-670.8558356E-03
-160.0000E-06,-659.9418910E-03
-159.5000E-06,-655.3878709E-03
-159.0000E-06,-668.6573431E-03
-158.5000E-06,-666.9299562E-03
-158.0000E-06,-672.2691521E-03
-157.5000E-06,-689.0719158E-03
-157.0000E-06,-702.4984232E-03
-156.5000E-06,-718.7515637E-03
-156.0000E-06,-736.8891263E-03
-155.5000E-06,-773.3212867E-03
-155.0000E-06,-799.4676432E-03
-154.5000E-06,-825.6925173E-03
-154.0000E-06,-855.6862356E-03
-153.5000E-06,-885.2873659E-03
-153.0000E-06,-906.4871145E-03
-152.5000E-06,-918.5003053E-03
-152.0000E-06,-934.6749282E-03
-151.5000E-06,-936.2452800E-03
-151.0000E-06,-937.2660086E-03
-150.5000E-06,-937.0304558E-03
-150.0000E-06,-935.5386217E-03
-149.5000E-06,-930.9060840E-03
-149.0000E-06,-915.0455314E-03
-148.5000E-06,-900.2842251E-03
-148.0000E-06,-892.7465367E-03
-147.5000E-06,-876.2578434E-03
-147.0000E-06,-856.3928939E-03
-146.5000E-06,-851.3677683E-03
-146.0000E-06,-836.2923916E-03
-145.5000E-06,-824.6717887E-03
-145.0000E-06,-813.6793265E-03
-144.5000E-06,-803.3935226E-03
-144.0000E-06,-794.7565880E-03
-143.5000E-06,-793.7358594E-03
-143.0000E-06,-782.0367389E-03
-142.5000E-06,-774.7346033E-03
-142.0000E-06,-778.1108595E-03
-141.5000E-06,-774.7346033E-03
-141.0000E-06,-777.0901309E-03
-140.5000E-06,-792.2440252E-03
-140.0000E-06,-793.5788242E-03
-139.5000E-06,-805.5920150E-03
-139.0000E-06,-817.9977938E-03
-138.5000E-06,-833.3872409E-03
-138.0000E-06,-844.0656327E-03
-137.5000E-06,-855.2151301E-03
-137.0000E-06,-869.3482958E-03
-136.5000E-06,-875.2371148E-03
-136.0000E-06,-875.2371148E-03
-135.5000E-06,-874.3734213E-03
-135.0000E-06,-873.7452806E-03
-134.5000E-06,-863.9305822E-03
-134.0000E-06,-857.6491753E-03
-133.5000E-06,-845.4004317E-03
-133.0000E-06,-827.8910098E-03
-132.5000E-06,-806.6127437E-03
-132.0000E-06,-792.7151307E-03
-131.5000E-06,-771.7509350E-03
-131.0000E-06,-741.6786991E-03
-130.5000E-06,-716.2390009E-03
-130.0000E-06,-699.1221669E-03
-129.5000E-06,-676.3520667E-03
-129.0000E-06,-650.2057102E-03
-128.5000E-06,-631.2829717E-03
-128.0000E-06,-605.4506855E-03
-127.5000E-06,-589.5901329E-03
-127.0000E-06,-572.4732989E-03
-126.5000E-06,-553.0794549E-03
-126.0000E-06,-545.3847314E-03
-125.5000E-06,-532.2722943E-03
-125.0000E-06,-529.8382491E-03
-124.5000E-06,-533.3715406E-03
-124.0000E-06,-534.3922692E-03
-123.5000E-06,-534.3137516E-03
-123.0000E-06,-549.5461635E-03
-122.5000E-06,-568.5474196E-03
-122.0000E-06,-572.7088517E-03
-121.5000E-06,-591.0034495E-03
-121.0000E-06,-593.8300826E-03
-120.5000E-06,-605.5292031E-03
-120.0000E-06,-601.6818413E-03
-119.5000E-06,-594.8508113E-03
-119.0000E-06,-588.4908867E-03
-118.5000E-06,-573.8866155E-03
-118.0000E-06,-561.7163895E-03
-117.5000E-06,-541.5373696E-03
-117.0000E-06,-522.9287015E-03
-116.5000E-06,-491.9142546E-03
-116.0000E-06,-468.4374960E-03
-115.5000E-06,-451.9488027E-03
-115.0000E-06,-418.9714162E-03
-114.5000E-06,-392.1184014E-03
-114.0000E-06,-371.4682760E-03
-113.5000E-06,-351.8388792E-03
-113.0000E-06,-332.7591055E-03
-112.5000E-06,-308.6542063E-03
-112.0000E-06,-287.9255633E-03
-111.5000E-06,-272.2220459E-03
-111.0000E-06,-255.3407646E-03
-110.5000E-06,-246.5467949E-03
-110.0000E-06,-233.0417699E-03
-109.5000E-06,-230.7647599E-03
-109.0000E-06,-226.0537047E-03
-108.5000E-06,-226.9959157E-03
-108.0000E-06,-232.0210413E-03
-107.5000E-06,-232.8062171E-03
-107.0000E-06,-244.2697849E-03
-106.5000E-06,-253.7704129E-03
-106.0000E-06,-266.1761917E-03
-105.5000E-06,-279.6026991E-03
-105.0000E-06,-290.5951613E-03
-104.5000E-06,-295.8558396E-03
-104.0000E-06,-308.4971711E-03
-103.5000E-06,-312.3445329E-03
-103.0000E-06,-311.1667691E-03
-102.5000E-06,-311.1667691E-03
-102.0000E-06,-311.6378746E-03
-101.5000E-06,-300.5668948E-03
-101.0000E-06,-292.3225482E-03
-100.5000E-06,-280.6234277E-03
-100.0000E-06,-268.4532017E-03
-99.5000E-06,-253.3778250E-03
-99.0000E-06,-236.4965437E-03
-98.5000E-06,-221.1856143E-03
-98.0000E-06,-203.7547099E-03
-97.5000E-06,-190.5637553E-03
-97.0000E-06,-177.6868710E-03
-96.5000E-06,-163.5537053E-03
-96.0000E-06,-147.6931527E-03
-95.5000E-06,-137.3288312E-03
-95.0000E-06,-129.3200374E-03
-94.5000E-06,-118.7201631E-03
-94.0000E-06,-120.3690324E-03
-93.5000E-06,-125.2371228E-03
-93.0000E-06,-130.0266956E-03
-92.5000E-06,-139.3702885E-03
-92.0000E-06,-153.8960421E-03
-91.5000E-06,-171.5624992E-03
-91.0000E-06,-190.9563432E-03
-90.5000E-06,-211.8420214E-03
-90.0000E-06,-242.3853628E-03
-89.5000E-06,-270.4946590E-03
-89.0000E-06,-295.3847341E-03
-88.5000E-06,-310.3030756E-03
-88.0000E-06,-334.6435276E-03
-87.5000E-06,-351.4462913E-03
-87.0000E-06,-351.7603616E-03
-86.5000E-06,-360.6328489E-03
-86.0000E-06,-371.5467936E-03
-85.5000E-06,-371.8608639E-03
-85.0000E-06,-365.7364921E-03
-84.5000E-06,-359.9261907E-03
-84.0000E-06,-352.6240551E-03
-83.5000E-06,-347.0493064E-03
-83.0000E-06,-338.6479246E-03
-82.5000E-06,-330.7961658E-03
-82.0000E-06,-318.1548343E-03
-81.5000E-06,-317.1341057E-03
-81.0000E-06,-313.6793319E-03
-80.5000E-06,-311.7949098E-03
-80.0000E-06,-311.9519449E-03
-79.5000E-06,-308.8112415E-03
-79.0000E-06,-309.9104877E-03
-78.5000E-06,-316.4274474E-03
-78.0000E-06,-322.6303368E-03
-77.5000E-06,-332.2880000E-03
-77.0000E-06,-351.7603616E-03
-76.5000E-06,-369.5838539E-03
-76.0000E-06,-389.4488034E-03
-75.5000E-06,-410.8841047E-03
-75.0000E-06,-431.8483004E-03
-74.5000E-06,-465.9249332E-03
-74.0000E-06,-490.9720435E-03
-73.5000E-06,-514.2132493E-03
-73.0000E-06,-549.7031987E-03
-72.5000E-06,-573.7295803E-03
-72.0000E-06,-596.6567158E-03
-71.5000E-06,-621.8608612E-03
-71.0000E-06,-637.4858611E-03
-70.5000E-06,-650.7553333E-03
-70.0000E-06,-660.2559613E-03
-69.5000E-06,-675.8024436E-03
-69.0000E-06,-678.1579712E-03
-68.5000E-06,-681.5342274E-03
-68.0000E-06,-680.5920164E-03
-67.5000E-06,-675.4883732E-03
-67.0000E-06,-678.3150063E-03
-66.5000E-06,-672.6617401E-03
-66.0000E-06,-658.9996799E-03
-65.5000E-06,-655.5449061E-03
-65.0000E-06,-653.1893785E-03
-64.5000E-06,-649.8916398E-03
-64.0000E-06,-638.5065897E-03
-63.5000E-06,-634.8947807E-03
-63.0000E-06,-628.3778210E-03
-62.5000E-06,-631.5185244E-03
-62.0000E-06,-632.6177707E-03
-61.5000E-06,-634.8947807E-03
-61.0000E-06,-649.3420167E-03
-60.5000E-06,-664.3388758E-03
-60.0000E-06,-677.8439008E-03
-59.5000E-06,-697.3947800E-03
-59.0000E-06,-722.6774431E-03
-58.5000E-06,-753.6133724E-03
-58.0000E-06,-776.3834726E-03
-57.5000E-06,-810.6956582E-03
-57.0000E-06,-834.0938991E-03
-56.5000E-06,-855.9217884E-03
-56.0000E-06,-875.1585972E-03
-55.5000E-06,-895.3376171E-03
-55.0000E-06,-909.7063355E-03
-54.5000E-06,-912.5329687E-03
-54.0000E-06,-914.5744259E-03
-53.5000E-06,-915.2810842E-03
-53.0000E-06,-914.1818380E-03
-52.5000E-06,-904.6026924E-03
-52.0000E-06,-893.2961598E-03
-51.5000E-06,-880.9688986E-03
-51.0000E-06,-874.8445269E-03
-50.5000E-06,-857.2565873E-03
-50.0000E-06,-840.0612358E-03
-49.5000E-06,-834.0153816E-03
-49.0000E-06,-825.2999294E-03
-48.5000E-06,-807.3194019E-03
-48.0000E-06,-798.0543267E-03
-47.5000E-06,-793.5788242E-03
-47.0000E-06,-774.7346033E-03
-46.5000E-06,-773.4783219E-03
-46.0000E-06,-771.2013119E-03
-45.5000E-06,-770.8087239E-03
-45.0000E-06,-766.9613622E-03
-44.5000E-06,-772.5361109E-03
-44.0000E-06,-773.6353571E-03
-43.5000E-06,-778.5034475E-03
-43.0000E-06,-789.2603569E-03
-42.5000E-06,-797.8972915E-03
-42.0000E-06,-814.8570903E-03
-41.5000E-06,-830.7961605E-03
-41.0000E-06,-838.8834720E-03
-40.5000E-06,-855.0580949E-03
-40.0000E-06,-865.9720395E-03
-39.5000E-06,-874.8445269E-03
-39.0000E-06,-874.6874917E-03
-38.5000E-06,-874.4519389E-03
-38.0000E-06,-872.1749289E-03
-37.5000E-06,-858.9054567E-03
-37.0000E-06,-854.1158839E-03
-36.5000E-06,-834.6435223E-03
-36.0000E-06,-815.4852310E-03
-35.5000E-06,-795.2276935E-03
-35.0000E-06,-779.0530706E-03
-34.5000E-06,-756.9896286E-03
-34.0000E-06,-736.2609856E-03
-33.5000E-06,-715.8464130E-03
-33.0000E-06,-691.6629962E-03
-32.5000E-06,-665.2025693E-03
-32.0000E-06,-644.4739263E-03
-31.5000E-06,-615.1083487E-03
-31.0000E-06,-595.5574695E-03
-30.5000E-06,-573.4155100E-03
-30.0000E-06,-556.1416408E-03
-29.5000E-06,-545.3062138E-03
-29.0000E-06,-532.8219175E-03
-28.5000E-06,-532.2722943E-03
-28.0000E-06,-524.7346060E-03
-27.5000E-06,-527.7967919E-03
-27.0000E-06,-530.6234250E-03
-26.5000E-06,-534.1567164E-03
-26.0000E-06,-552.3727966E-03
-25.5000E-06,-559.2823443E-03
-25.0000E-06,-570.0392537E-03
-24.5000E-06,-581.5813390E-03
-24.0000E-06,-590.9249319E-03
-23.5000E-06,-586.0568415E-03
-23.0000E-06,-584.0153842E-03
-22.5000E-06,-580.0109873E-03
-22.0000E-06,-564.7785754E-03
-21.5000E-06,-550.1743042E-03
-21.0000E-06,-533.5285757E-03
-20.5000E-06,-512.5643800E-03
-20.0000E-06,-489.0876214E-03
-19.5000E-06,-457.9161394E-03
-19.0000E-06,-437.5800843E-03
-18.5000E-06,-413.7107378E-03
-18.0000E-06,-384.1881251E-03
-17.5000E-06,-358.1202862E-03
-17.0000E-06,-333.7798342E-03
-16.5000E-06,-313.3652615E-03
-16.0000E-06,-291.8514426E-03
-15.5000E-06,-271.0442821E-03
-15.0000E-06,-250.1586039E-03
-14.5000E-06,-231.7069709E-03
-14.0000E-06,-211.9205390E-03
-13.5000E-06,-203.5976747E-03
-13.0000E-06,-191.6630015E-03
-12.5000E-06,-185.5386297E-03
-12.0000E-06,-179.0216700E-03
-11.5000E-06,-185.5386297E-03
-11.0000E-06,-186.2452880E-03
-10.5000E-06,-187.7371222E-03
-10.0000E-06,-192.1341070E-03
-9.5000E-06,-210.7427752E-03
-9.0000E-06,-215.1397601E-03
-8.5000E-06,-227.9381267E-03
-8.0000E-06,-240.1083527E-03
-7.5000E-06,-248.1171466E-03
-7.0000E-06,-254.0844833E-03
-6.5000E-06,-258.2459154E-03
-6.0000E-06,-249.7660160E-03
-5.5000E-06,-245.2905135E-03
-5.0000E-06,-236.0254382E-03
-4.5000E-06,-230.2151368E-03
-4.0000E-06,-212.1560917E-03
-3.5000E-06,-196.2170216E-03
-3.0000E-06,-186.9519463E-03
-2.5000E-06,-169.9921475E-03
-2.0000E-06,-152.0901376E-03
-1.5000E-06,-129.7126253E-03
-1.0000E-06,-112.7528265E-03
-500.0E-09,-95.0863694E-03
+0.0E+00,-78.7547113E-03
+500.0E-09,-66.5844853E-03
+1.0000E-06,-49.4676513E-03
+1.5000E-06,-33.5285811E-03
+2.0000E-06,-25.5983048E-03
+2.5000E-06,-16.9613702E-03
+3.0000E-06,-12.3288326E-03
+3.5000E-06,-12.4858677E-03
+4.0000E-06,-21.5939079E-03
+4.5000E-06,-30.5449128E-03
+5.0000E-06,-41.9299629E-03
+5.5000E-06,-52.0587316E-03
+6.0000E-06,-73.8866209E-03
+6.5000E-06,-104.3514447E-03
+7.0000E-06,-123.8238063E-03
+7.5000E-06,-148.3998110E-03
+8.0000E-06,-171.4839816E-03
+8.5000E-06,-187.8941573E-03
+9.0000E-06,-204.9324737E-03
+9.5000E-06,-210.6642576E-03
+10.0000E-06,-218.5160163E-03
+10.5000E-06,-220.7930263E-03
+11.0000E-06,-222.6774484E-03
+11.5000E-06,-215.6893832E-03
+12.0000E-06,-211.7635038E-03
+12.5000E-06,-208.1516948E-03
+13.0000E-06,-190.7993080E-03
+13.5000E-06,-190.5637553E-03
+14.0000E-06,-189.9356146E-03
+14.5000E-06,-172.9758158E-03
+15.0000E-06,-166.9299616E-03
+15.5000E-06,-165.4381274E-03
+16.0000E-06,-165.5951626E-03
+16.5000E-06,-150.3627507E-03
+17.0000E-06,-152.7182783E-03
+17.5000E-06,-152.1686552E-03
+18.0000E-06,-151.6190321E-03
+18.5000E-06,-156.3300873E-03
+19.0000E-06,-164.3388812E-03
+19.5000E-06,-175.2528258E-03
+20.0000E-06,-189.6215442E-03
+20.5000E-06,-204.3828506E-03
+21.0000E-06,-218.5945339E-03
+21.5000E-06,-235.5543327E-03
+22.0000E-06,-268.2176489E-03
+22.5000E-06,-291.3803371E-03
+23.0000E-06,-324.3577237E-03
+23.5000E-06,-351.3677737E-03
+24.0000E-06,-376.4934015E-03
+24.5000E-06,-403.3464163E-03
+25.0000E-06,-431.8483004E-03
+25.5000E-06,-453.2836017E-03
+26.0000E-06,-466.6315915E-03
+26.5000E-06,-473.2270688E-03
+27.0000E-06,-488.7735511E-03
+27.5000E-06,-493.6416415E-03
+28.0000E-06,-493.3275711E-03
+28.5000E-06,-493.2490536E-03
+29.0000E-06,-492.0712897E-03
+29.5000E-06,-490.8150084E-03
+30.0000E-06,-488.5379983E-03
+30.5000E-06,-478.3307120E-03
+31.0000E-06,-470.6359885E-03
+31.5000E-06,-467.2597322E-03
+32.0000E-06,-462.9412649E-03
+32.5000E-06,-452.4199083E-03
+33.0000E-06,-450.7710389E-03
+33.5000E-06,-448.1014410E-03
+34.0000E-06,-444.9607375E-03
+34.5000E-06,-445.4318430E-03
+35.0000E-06,-448.6510641E-03
+35.5000E-06,-453.9902600E-03
+36.0000E-06,-466.3960388E-03
+36.5000E-06,-487.0461642E-03
+37.0000E-06,-497.9601088E-03
+37.5000E-06,-521.0442794E-03
+38.0000E-06,-542.0869927E-03
+38.5000E-06,-572.9444045E-03
+39.0000E-06,-604.3514393E-03
+39.5000E-06,-632.9318410E-03
+40.0000E-06,-654.4456599E-03
+40.5000E-06,-680.7490515E-03
+41.0000E-06,-707.2094784E-03
+41.5000E-06,-724.8759355E-03
+42.0000E-06,-733.2773173E-03
+42.5000E-06,-739.5587243E-03
+43.0000E-06,-736.7320911E-03
+43.5000E-06,-740.8150057E-03
+44.0000E-06,-739.5587243E-03
+44.5000E-06,-733.2773173E-03
+45.0000E-06,-714.9827195E-03
+45.5000E-06,-710.4286995E-03
+46.0000E-06,-698.3369911E-03
+46.5000E-06,-687.2660113E-03
+47.0000E-06,-673.0543280E-03
+47.5000E-06,-660.9626196E-03
+48.0000E-06,-652.8753081E-03
+48.5000E-06,-642.9820922E-03
+49.0000E-06,-632.3822179E-03
+49.5000E-06,-623.9808361E-03
+50.0000E-06,-612.6743035E-03
+50.5000E-06,-609.5336000E-03
+51.0000E-06,-609.7691528E-03
+51.5000E-06,-599.1692786E-03
+52.0000E-06,-604.5084745E-03
+52.5000E-06,-611.7320925E-03
+53.0000E-06,-611.4965397E-03
+53.5000E-06,-617.8564643E-03
+54.0000E-06,-626.4148813E-03
+54.5000E-06,-638.8991776E-03
+55.0000E-06,-654.6812126E-03
+55.5000E-06,-670.4632476E-03
+56.0000E-06,-685.0675188E-03
+56.5000E-06,-700.2999307E-03
+57.0000E-06,-713.3338502E-03
+57.5000E-06,-716.0034482E-03
+58.0000E-06,-721.4211617E-03
+58.5000E-06,-717.3382471E-03
+59.0000E-06,-713.4123678E-03
+59.5000E-06,-711.9990512E-03
+60.0000E-06,-709.9575939E-03
+60.5000E-06,-687.3445289E-03
+61.0000E-06,-668.7358607E-03
+61.5000E-06,-650.8338509E-03
+62.0000E-06,-634.0310872E-03
+62.5000E-06,-607.6491780E-03
+63.0000E-06,-586.2138767E-03
+63.5000E-06,-564.9356106E-03
+64.0000E-06,-546.0128721E-03
+64.5000E-06,-514.2917669E-03
+65.0000E-06,-494.0342294E-03
+65.5000E-06,-471.9707875E-03
+66.0000E-06,-452.6554610E-03
+66.5000E-06,-438.7578481E-03
+67.0000E-06,-420.1491800E-03
+67.5000E-06,-409.9418936E-03
+68.0000E-06,-400.1271953E-03
+68.5000E-06,-394.0813410E-03
+69.0000E-06,-392.9820948E-03
+69.5000E-06,-392.8250597E-03
+70.0000E-06,-393.6102355E-03
+70.5000E-06,-406.9582253E-03
+71.0000E-06,-411.6692806E-03
+71.5000E-06,-422.1121196E-03
+72.0000E-06,-430.5135015E-03
+72.5000E-06,-435.0675215E-03
+73.0000E-06,-442.2126219E-03
+73.5000E-06,-443.7044561E-03
+74.0000E-06,-444.8822199E-03
+74.5000E-06,-431.7697829E-03
+75.0000E-06,-412.9255620E-03
+75.5000E-06,-402.6397580E-03
+76.0000E-06,-390.3124969E-03
+76.5000E-06,-362.5172710E-03
+77.0000E-06,-339.7471708E-03
+77.5000E-06,-316.4274474E-03
+78.0000E-06,-290.9877492E-03
+78.5000E-06,-266.9613675E-03
+79.0000E-06,-237.6743075E-03
+79.5000E-06,-211.0568455E-03
+80.0000E-06,-189.5430267E-03
+80.5000E-06,-166.4588560E-03
+81.0000E-06,-145.8872482E-03
+81.5000E-06,-119.5053390E-03
+82.0000E-06,-98.6981784E-03
+82.5000E-06,-83.3087313E-03
+83.0000E-06,-66.6630028E-03
+83.5000E-06,-50.8024503E-03
+84.0000E-06,-41.8514453E-03
+84.5000E-06,-32.2722997E-03
+85.0000E-06,-28.8175259E-03
+85.5000E-06,-30.2308424E-03
+86.0000E-06,-29.2101138E-03
+86.5000E-06,-31.0160183E-03
+87.0000E-06,-35.4915208E-03
+87.5000E-06,-49.8602392E-03
+88.0000E-06,-53.0794603E-03
+88.5000E-06,-69.9607415E-03
+89.0000E-06,-76.3991836E-03
+89.5000E-06,-86.2923996E-03
+90.0000E-06,-90.0612438E-03
+90.5000E-06,-91.3175252E-03
+91.0000E-06,-83.1516961E-03
+91.5000E-06,-81.1102389E-03
+92.0000E-06,-71.4525757E-03
+92.5000E-06,-61.6378773E-03
+93.0000E-06,-48.9965457E-03
+93.5000E-06,-29.6812193E-03
+94.0000E-06,-9.8162698E-03
+94.5000E-06,+8.6353632E-03
+95.0000E-06,+27.5581017E-03
+95.5000E-06,+50.4852371E-03
+96.0000E-06,+73.5694077E-03
+96.5000E-06,+91.0003120E-03
+97.0000E-06,+108.3526988E-03
+97.5000E-06,+133.5568443E-03
+98.0000E-06,+148.1611155E-03
+98.5000E-06,+168.6542057E-03
+99.0000E-06,+179.0970448E-03
+99.5000E-06,+186.7132507E-03
+100.0000E-06,+190.0895070E-03
+100.5000E-06,+190.0895070E-03
+101.0000E-06,+186.2421452E-03
+101.5000E-06,+173.0511906E-03
+102.0000E-06,+162.6083515E-03
+102.5000E-06,+151.1447838E-03
+103.0000E-06,+130.8087287E-03
+103.5000E-06,+111.3363671E-03
+104.0000E-06,+88.9588548E-03
+104.5000E-06,+69.9575987E-03
+105.0000E-06,+50.7993075E-03
+105.5000E-06,+33.3684031E-03
+106.0000E-06,+20.2559661E-03
+106.5000E-06,+9.3420215E-03
+107.0000E-06,+8.5568456E-03
+107.5000E-06,+10.4412677E-03
+108.0000E-06,+3.9243080E-03
+108.5000E-06,+6.9864939E-03
+109.0000E-06,+11.0694084E-03
+109.5000E-06,+29.1284534E-03
+110.0000E-06,+27.2440313E-03
+110.5000E-06,+31.3269459E-03
+111.0000E-06,+37.9224232E-03
+111.5000E-06,+50.6422723E-03
+112.0000E-06,+53.7829758E-03
+112.5000E-06,+61.9488048E-03
+113.0000E-06,+69.2509404E-03
+113.5000E-06,+75.4538298E-03
+114.0000E-06,+73.8834781E-03
+114.5000E-06,+89.1158900E-03
+115.0000E-06,+88.5662668E-03
+115.5000E-06,+83.3841061E-03
+116.0000E-06,+71.6849856E-03
+116.5000E-06,+71.0568449E-03
+117.0000E-06,+52.9192823E-03
+117.5000E-06,+47.0304633E-03
+118.0000E-06,+29.9136293E-03
+118.5000E-06,+6.2013180E-03
+119.0000E-06,-10.6799632E-03
+119.5000E-06,-43.5003147E-03
+120.0000E-06,-67.0555908E-03
+120.5000E-06,-91.9456659E-03
+121.0000E-06,-122.8030776E-03
+121.5000E-06,-147.1435296E-03
+122.0000E-06,-171.5624992E-03
+122.5000E-06,-192.3696598E-03
+123.0000E-06,-203.9117451E-03
+123.5000E-06,-215.0612425E-03
+124.0000E-06,-228.2521971E-03
+124.5000E-06,-235.0047096E-03
+125.0000E-06,-235.7898855E-03
+125.5000E-06,-239.9513176E-03
+126.0000E-06,-232.9632523E-03
+126.5000E-06,-232.6491820E-03
+127.0000E-06,-232.0210413E-03
+127.5000E-06,-225.2685288E-03
+128.0000E-06,-211.9205390E-03
+128.5000E-06,-210.6642576E-03
+129.0000E-06,-206.7383782E-03
+129.5000E-06,-197.7873733E-03
+130.0000E-06,-191.3489312E-03
+130.5000E-06,-190.8778256E-03
+131.0000E-06,-182.9475493E-03
+131.5000E-06,-190.4852377E-03
+132.0000E-06,-192.5266950E-03
+132.5000E-06,-196.1385040E-03
+133.0000E-06,-213.6479259E-03
+133.5000E-06,-232.2565940E-03
+134.0000E-06,-251.2578501E-03
+134.5000E-06,-272.1435283E-03
+135.0000E-06,-296.6410155E-03
+135.5000E-06,-328.9902613E-03
+136.0000E-06,-356.9425224E-03
+136.5000E-06,-391.5687783E-03
+137.0000E-06,-412.3759388E-03
+137.5000E-06,-434.3608632E-03
+138.0000E-06,-455.0895062E-03
+138.5000E-06,-473.6196568E-03
+139.0000E-06,-490.3439028E-03
+139.5000E-06,-493.3275711E-03
+140.0000E-06,-493.8771943E-03
+140.5000E-06,-498.6667671E-03
+141.0000E-06,-498.3526967E-03
+141.5000E-06,-493.3275711E-03
+142.0000E-06,-478.4877472E-03
+142.5000E-06,-477.5455361E-03
+143.0000E-06,-474.2477975E-03
+143.5000E-06,-463.8049584E-03
+144.0000E-06,-452.0273203E-03
+144.5000E-06,-445.5103606E-03
+145.0000E-06,-437.3445315E-03
+145.5000E-06,-427.0587276E-03
+146.0000E-06,-412.0618685E-03
+146.5000E-06,-407.5863660E-03
+147.0000E-06,-394.3168938E-03
+147.5000E-06,-388.3495572E-03
+148.0000E-06,-380.5763161E-03
+148.5000E-06,-377.1215422E-03
+149.0000E-06,-376.1008136E-03
+149.5000E-06,-382.6177733E-03
+150.0000E-06,-390.3910145E-03
+150.5000E-06,-392.8250597E-03
+151.0000E-06,-409.7063409E-03
+151.5000E-06,-416.8514413E-03
+152.0000E-06,-433.4971698E-03
+152.5000E-06,-454.4613655E-03
+153.0000E-06,-472.0493050E-03
+153.5000E-06,-486.4965411E-03
+154.0000E-06,-503.2993047E-03
+154.5000E-06,-514.2132493E-03
+155.0000E-06,-523.3212894E-03
+155.5000E-06,-525.9908874E-03
+156.0000E-06,-517.1969176E-03
+156.5000E-06,-513.8991790E-03
+157.0000E-06,-514.4488021E-03
+157.5000E-06,-500.3941540E-03
+158.0000E-06,-490.4224204E-03
+158.5000E-06,-470.5574709E-03
+159.0000E-06,-450.6140038E-03
+159.5000E-06,-432.0053356E-03
+160.0000E-06,-412.2189037E-03
+160.5000E-06,-390.3910145E-03
+161.0000E-06,-368.4060901E-03
+161.5000E-06,-348.9337285E-03
+162.0000E-06,-328.5976734E-03
+162.5000E-06,-299.8602365E-03
+163.0000E-06,-276.4619956E-03
+163.5000E-06,-259.8947847E-03
+164.0000E-06,-243.7201618E-03
+164.5000E-06,-230.7647599E-03
+165.0000E-06,-228.2521971E-03
+165.5000E-06,-213.4123731E-03
+166.0000E-06,-213.3338555E-03
+166.5000E-06,-216.3175239E-03
+167.0000E-06,-221.6567198E-03
+167.5000E-06,-230.6077247E-03
+168.0000E-06,-240.8150110E-03
+168.5000E-06,-249.8445335E-03
+169.0000E-06,-255.6548350E-03
+169.5000E-06,-267.5895082E-03
+170.0000E-06,-270.4946590E-03
+170.5000E-06,-272.2220459E-03
+171.0000E-06,-270.9657645E-03
+171.5000E-06,-263.1140058E-03
+172.0000E-06,-239.8728000E-03
+172.5000E-06,-231.5499358E-03
+173.0000E-06,-212.8627500E-03
+173.5000E-06,-192.5266950E-03
+174.0000E-06,-174.7032027E-03
+174.5000E-06,-150.2057155E-03
+175.0000E-06,-130.2622484E-03
+175.5000E-06,-108.4343592E-03
+176.0000E-06,-83.1516961E-03
+176.5000E-06,-56.5342341E-03
+177.0000E-06,-34.5493097E-03
+177.5000E-06,-16.4902647E-03
+178.0000E-06,+9.1849863E-03
+178.5000E-06,+32.3476745E-03
+179.0000E-06,+52.0555888E-03
+179.5000E-06,+75.6893826E-03
+180.0000E-06,+92.3351110E-03
+180.5000E-06,+111.4934023E-03
+181.0000E-06,+124.0562162E-03
+181.5000E-06,+130.8872463E-03
+182.0000E-06,+145.3344823E-03
+182.5000E-06,+149.8885024E-03
+183.0000E-06,+145.9626230E-03
+183.5000E-06,+149.4959144E-03
+184.0000E-06,+140.7019447E-03
+184.5000E-06,+131.0442815E-03
+185.0000E-06,+119.1881258E-03
+185.5000E-06,+108.8238043E-03
+186.0000E-06,+96.4965431E-03
+186.5000E-06,+89.1158900E-03
+187.0000E-06,+81.3426488E-03
+187.5000E-06,+83.3055885E-03
+188.0000E-06,+88.4877493E-03
+188.5000E-06,+90.4506889E-03
+189.0000E-06,+104.2697843E-03
+189.5000E-06,+110.5511912E-03
+190.0000E-06,+130.5731759E-03
+190.5000E-06,+150.1240551E-03
+191.0000E-06,+170.7741805E-03
+191.5000E-06,+184.4362407E-03
+192.0000E-06,+207.2848585E-03
+192.5000E-06,+232.0178985E-03
+193.0000E-06,+250.3124963E-03
+193.5000E-06,+271.8263151E-03
+194.0000E-06,+292.9475461E-03
+194.5000E-06,+311.3206614E-03
+195.0000E-06,+332.2848572E-03
+195.5000E-06,+351.4431485E-03
+196.0000E-06,+368.2459121E-03
+196.5000E-06,+371.4651332E-03
+197.0000E-06,+380.8872436E-03
+197.5000E-06,+380.2591029E-03
+198.0000E-06,+375.1554598E-03
+198.5000E-06,+372.2503090E-03
+199.0000E-06,+364.7126207E-03
+199.5000E-06,+351.9142540E-03
+200.0000E-06,+333.2270682E-03
+200.5000E-06,+313.4406363E-03
+201.0000E-06,+294.1253099E-03
+201.5000E-06,+282.1906366E-03
+202.0000E-06,+262.6397574E-03
+202.5000E-06,+247.0147576E-03
+203.0000E-06,+231.3897578E-03
+203.5000E-06,+219.0624966E-03
+204.0000E-06,+216.3143811E-03
+204.5000E-06,+213.9588534E-03
+205.0000E-06,+213.9588534E-03
+205.5000E-06,+215.1366173E-03
+206.0000E-06,+224.1661398E-03
+206.5000E-06,+232.8030743E-03
+207.0000E-06,+236.2578482E-03
+207.5000E-06,+242.3822200E-03
+208.0000E-06,+245.2088531E-03
+208.5000E-06,+256.1227977E-03
+209.0000E-06,+267.0367423E-03
+209.5000E-06,+271.6692800E-03
+210.0000E-06,+273.7107372E-03
+210.5000E-06,+285.4098577E-03
+211.0000E-06,+285.5668929E-03
+211.5000E-06,+294.3608626E-03
+212.0000E-06,+296.8734254E-03
+212.5000E-06,+293.0260637E-03
+213.0000E-06,+293.2616164E-03
+213.5000E-06,+290.9060888E-03
+214.0000E-06,+275.3596066E-03
+214.5000E-06,+270.4915162E-03
+215.0000E-06,+261.7760640E-03
+215.5000E-06,+238.9274461E-03
+216.0000E-06,+218.8269438E-03
+216.5000E-06,+195.9783260E-03
+217.0000E-06,+169.7534519E-03
+217.5000E-06,+142.9789547E-03
+218.0000E-06,+109.3734274E-03
+218.5000E-06,+81.3426488E-03
+219.0000E-06,+55.1962923E-03
+219.5000E-06,+29.8351117E-03
+220.0000E-06,+13.6604888E-03
+220.5000E-06,+9.1849863E-03
+221.0000E-06,-2.2000638E-03
+221.5000E-06,-19.0028275E-03
+222.0000E-06,-16.0976768E-03
+222.5000E-06,-13.7421491E-03
+223.0000E-06,-13.4280788E-03
+223.5000E-06,-17.1184054E-03
+224.0000E-06,-11.7792095E-03
+224.5000E-06,-9.6592346E-03
+225.0000E-06,-865.2649E-06
+225.5000E-06,+7.6931521E-03
+226.0000E-06,+9.4990566E-03
+226.5000E-06,+12.9538305E-03
+227.0000E-06,+18.0574736E-03
+227.5000E-06,+28.1862424E-03
+228.0000E-06,+29.2069710E-03
+228.5000E-06,+14.1315943E-03
+229.0000E-06,+9.4990566E-03
+229.5000E-06,+4.1598607E-03
+230.0000E-06,-12.0147622E-03
+230.5000E-06,-31.6441590E-03
+231.0000E-06,-45.4632543E-03
+231.5000E-06,-69.9607415E-03
+232.0000E-06,-91.1604900E-03
+232.5000E-06,-118.0920224E-03
+233.0000E-06,-148.3212934E-03
+233.5000E-06,-173.3684037E-03
+234.0000E-06,-198.1799612E-03
+234.5000E-06,-225.5825991E-03
+235.0000E-06,-248.6667697E-03
+235.5000E-06,-271.8294579E-03
+236.0000E-06,-284.7848598E-03
+236.5000E-06,-292.7936537E-03
+237.0000E-06,-296.7980506E-03
+237.5000E-06,-311.1667691E-03
+238.0000E-06,-309.9104877E-03
+238.5000E-06,-301.4305883E-03
+239.0000E-06,-296.0913923E-03
+239.5000E-06,-294.8351110E-03
+240.0000E-06,-291.0662668E-03
+240.5000E-06,-284.7848598E-03
+241.0000E-06,-277.1686539E-03
+241.5000E-06,-268.8457896E-03
+242.0000E-06,-256.4400109E-03
+242.5000E-06,-253.6133777E-03
+243.0000E-06,-246.8608652E-03
+243.5000E-06,-230.9217951E-03
+244.0000E-06,-223.6196595E-03
+244.5000E-06,-217.8878756E-03
+245.0000E-06,-212.4701621E-03
+245.5000E-06,-211.2923983E-03
+246.0000E-06,-214.4331018E-03
+246.5000E-06,-221.1070967E-03
+247.0000E-06,-229.5084785E-03
+247.5000E-06,-233.2773227E-03
+248.0000E-06,-242.6994331E-03
+248.5000E-06,-259.5807143E-03
+249.0000E-06,-278.1108649E-03
+249.5000E-06,-297.4261913E-03
+250.0000E-06,-322.5518192E-03
+250.5000E-06,-340.2182763E-03
+251.0000E-06,-360.3972962E-03
+251.5000E-06,-374.1378739E-03
+252.0000E-06,-390.7836024E-03
+252.5000E-06,-392.8250597E-03
+253.0000E-06,-392.8250597E-03
+253.5000E-06,-391.7258134E-03
+254.0000E-06,-391.9613662E-03
+254.5000E-06,-382.3037030E-03
+255.0000E-06,-365.1868690E-03
+255.5000E-06,-351.3677737E-03
+256.0000E-06,-334.9575980E-03
+256.5000E-06,-318.4689047E-03
+257.0000E-06,-296.6410155E-03
+257.5000E-06,-271.9864931E-03
+258.0000E-06,-255.0266943E-03
+258.5000E-06,-232.9632523E-03
+259.0000E-06,-210.1931521E-03
+259.5000E-06,-191.8985543E-03
+260.0000E-06,-172.7402630E-03
+260.5000E-06,-154.2101125E-03
+261.0000E-06,-144.1598613E-03
+261.5000E-06,-134.1096102E-03
+262.0000E-06,-132.3822232E-03
+262.5000E-06,-126.5719218E-03
+263.0000E-06,-128.1422735E-03
+263.5000E-06,-130.2622484E-03
+264.0000E-06,-129.6341077E-03
+264.5000E-06,-132.4607408E-03
+265.0000E-06,-148.1642583E-03
+265.5000E-06,-151.6190321E-03
+266.0000E-06,-160.7270722E-03
+266.5000E-06,-170.8558409E-03
+267.0000E-06,-171.2484289E-03
+267.5000E-06,-179.0216700E-03
+268.0000E-06,-181.8483031E-03
+268.5000E-06,-172.9758158E-03
+269.0000E-06,-164.6529515E-03
+269.5000E-06,-150.3627507E-03
+270.0000E-06,-136.3081026E-03
+270.5000E-06,-126.3363690E-03
+271.0000E-06,-102.2314698E-03
+271.5000E-06,-87.8627514E-03
+272.0000E-06,-65.0926511E-03
+272.5000E-06,-44.8351136E-03
+273.0000E-06,-17.2754406E-03
+273.5000E-06,+6.5939059E-03
+274.0000E-06,+28.8143831E-03
+274.5000E-06,+49.5430261E-03
+275.0000E-06,+73.2553374E-03
+275.5000E-06,+95.0832266E-03
+276.0000E-06,+116.9896334E-03
+276.5000E-06,+141.9582261E-03
+277.0000E-06,+161.1165173E-03
+277.5000E-06,+167.2408891E-03
+278.0000E-06,+191.2672708E-03
+278.5000E-06,+198.1768184E-03
+279.0000E-06,+203.7515671E-03
+279.5000E-06,+206.7352354E-03
+280.0000E-06,+209.6403862E-03
+280.5000E-06,+211.4462907E-03
+281.0000E-06,+203.4374968E-03
+281.5000E-06,+191.3457884E-03
+282.0000E-06,+185.6140045E-03
+282.5000E-06,+174.1504368E-03
+283.0000E-06,+160.7239294E-03
+283.5000E-06,+152.4010652E-03
+284.0000E-06,+150.9092310E-03
+284.5000E-06,+148.5537034E-03
+285.0000E-06,+150.1240551E-03
+285.5000E-06,+161.1165173E-03
+286.0000E-06,+169.9890047E-03
+286.5000E-06,+172.5015675E-03
+287.0000E-06,+191.9739291E-03
+287.5000E-06,+211.4462907E-03
+288.0000E-06,+231.3112402E-03
+288.5000E-06,+248.4280742E-03
+289.0000E-06,+273.7107372E-03
+289.5000E-06,+298.6008123E-03
+290.0000E-06,+324.8256864E-03
+290.5000E-06,+342.4921435E-03
+291.0000E-06,+370.5229221E-03
+291.5000E-06,+391.6441530E-03
+292.0000E-06,+408.9965398E-03
+292.5000E-06,+430.1962883E-03
+293.0000E-06,+438.7547053E-03
+293.5000E-06,+450.2182730E-03
+294.0000E-06,+453.7515644E-03
+294.5000E-06,+452.3382479E-03
+295.0000E-06,+452.6523182E-03
+295.5000E-06,+449.1190268E-03
+296.0000E-06,+442.5235495E-03
+296.5000E-06,+431.2955345E-03
+297.0000E-06,+416.3771930E-03
+297.5000E-06,+394.7848565E-03
+298.0000E-06,+375.3124949E-03
+298.5000E-06,+366.0474197E-03
+299.0000E-06,+344.2195304E-03
+299.5000E-06,+326.9456613E-03
+300.0000E-06,+311.9488021E-03
+300.5000E-06,+307.0807117E-03
+301.0000E-06,+294.9890033E-03
+301.5000E-06,+296.8734254E-03
+302.0000E-06,+293.1045812E-03
+302.5000E-06,+296.8734254E-03
+303.0000E-06,+301.5844806E-03
+303.5000E-06,+306.0599831E-03
+304.0000E-06,+312.8124956E-03
+304.5000E-06,+318.7013146E-03
+305.0000E-06,+323.7264402E-03
+305.5000E-06,+337.7025707E-03
+306.0000E-06,+350.7364902E-03
+306.5000E-06,+352.1498067E-03
+307.0000E-06,+359.3734248E-03
+307.5000E-06,+370.4444045E-03
+308.0000E-06,+374.8413894E-03
+308.5000E-06,+389.0530727E-03
+309.0000E-06,+388.8960375E-03
+309.5000E-06,+391.0945299E-03
+310.0000E-06,+391.3300827E-03
+310.5000E-06,+383.7923943E-03
+311.0000E-06,+372.2503090E-03
+311.5000E-06,+371.3866156E-03
+312.0000E-06,+351.9142540E-03
+312.5000E-06,+330.7930230E-03
+313.0000E-06,+316.3457870E-03
+313.5000E-06,+294.1253099E-03
+314.0000E-06,+263.5034509E-03
+314.5000E-06,+232.6460392E-03
+315.0000E-06,+209.7974213E-03
+315.5000E-06,+178.3903865E-03
+316.0000E-06,+148.8677737E-03
+316.5000E-06,+130.1020704E-03
+317.0000E-06,+108.0386284E-03
+317.5000E-06,+93.5128748E-03
+318.0000E-06,+88.3307141E-03
+318.5000E-06,+74.1190308E-03
+319.0000E-06,+70.7427746E-03
+319.5000E-06,+66.9739304E-03
+320.0000E-06,+69.4864932E-03
+320.5000E-06,+70.7427746E-03
+321.0000E-06,+69.8005635E-03
+321.5000E-06,+70.8998098E-03
+322.0000E-06,+80.6359906E-03
+322.5000E-06,+89.2729251E-03
+323.0000E-06,+89.1158900E-03
+323.5000E-06,+90.2151362E-03
+324.0000E-06,+94.6121211E-03
+324.5000E-06,+96.0254376E-03
+325.0000E-06,+90.8432769E-03
+325.5000E-06,+89.7440307E-03
+326.0000E-06,+86.5248096E-03
+326.5000E-06,+70.7427746E-03
+327.0000E-06,+56.6096089E-03
+327.5000E-06,+42.2408905E-03
+328.0000E-06,+27.6366193E-03
+328.5000E-06,-4.5555915E-03
+329.0000E-06,-20.4946616E-03
+329.5000E-06,-48.9965457E-03
+330.0000E-06,-75.0643847E-03
+330.5000E-06,-108.0417712E-03
+331.0000E-06,-132.3822232E-03
+331.5000E-06,-162.2974239E-03
+332.0000E-06,-190.4067201E-03
+332.5000E-06,-205.7176496E-03
+333.0000E-06,-221.9707901E-03
+333.5000E-06,-233.9054634E-03
+334.0000E-06,-243.8771969E-03
+334.5000E-06,-250.8652622E-03
+335.0000E-06,-255.6548350E-03
+335.5000E-06,-252.5926491E-03
+336.0000E-06,-250.8652622E-03
+336.5000E-06,-250.8652622E-03
+337.0000E-06,-250.2371215E-03
+337.5000E-06,-250.8652622E-03
+338.0000E-06,-234.5336041E-03
+338.5000E-06,-228.1736795E-03
+339.0000E-06,-230.2151368E-03
+339.5000E-06,-223.4626243E-03
+340.0000E-06,-209.6435290E-03
+340.5000E-06,-204.4613682E-03
+341.0000E-06,-205.0109913E-03
+341.5000E-06,-190.9563432E-03
+342.0000E-06,-190.5637553E-03
+342.5000E-06,-194.3325995E-03
+343.0000E-06,-195.6673984E-03
+343.5000E-06,-202.3413934E-03
+344.0000E-06,-211.8420214E-03
+344.5000E-06,-227.3885036E-03
+345.0000E-06,-237.1246844E-03
+345.5000E-06,-250.2371215E-03
+346.0000E-06,-282.7434025E-03
+346.5000E-06,-302.4513169E-03
+347.0000E-06,-331.1887538E-03
+347.5000E-06,-351.9173968E-03
+348.0000E-06,-372.6460398E-03
+348.5000E-06,-393.4532004E-03
+349.0000E-06,-410.4129992E-03
+349.5000E-06,-412.9255620E-03
+350.0000E-06,-411.7477981E-03
+350.5000E-06,-411.9048333E-03
+351.0000E-06,-412.9255620E-03
+351.5000E-06,-405.3878736E-03
+352.0000E-06,-391.4902607E-03
+352.5000E-06,-373.5097332E-03
+353.0000E-06,-356.3928992E-03
+353.5000E-06,-351.3677737E-03
+354.0000E-06,-329.7754372E-03
+354.5000E-06,-307.9475480E-03
+355.0000E-06,-290.0455381E-03
+355.5000E-06,-270.9657645E-03
+356.0000E-06,-252.9852370E-03
+356.5000E-06,-228.7233026E-03
+357.0000E-06,-211.6849862E-03
+357.5000E-06,-195.0392578E-03
+358.0000E-06,-191.4274487E-03
+358.5000E-06,-181.6127504E-03
+359.0000E-06,-171.7195344E-03
+359.5000E-06,-171.7980520E-03
+360.0000E-06,-172.0336047E-03
+360.5000E-06,-170.4632530E-03
+361.0000E-06,-179.2572227E-03
+361.5000E-06,-186.4023232E-03
+362.0000E-06,-193.7829764E-03
+362.5000E-06,-208.2302124E-03
+363.0000E-06,-220.0078505E-03
+363.5000E-06,-230.7647599E-03
+364.0000E-06,-239.1661417E-03
+364.5000E-06,-248.0386290E-03
+365.0000E-06,-252.9067194E-03
+365.5000E-06,-250.8652622E-03
+366.0000E-06,-239.1661417E-03
+366.5000E-06,-232.7276996E-03
+367.0000E-06,-221.2641318E-03
+367.5000E-06,-209.4079762E-03
+368.0000E-06,-190.8778256E-03
+368.5000E-06,-170.3062178E-03
+369.0000E-06,-150.5983035E-03
+369.5000E-06,-131.5185298E-03
+370.0000E-06,-110.1617461E-03
+370.5000E-06,-89.5116207E-03
+371.0000E-06,-64.3859928E-03
+371.5000E-06,-46.5625005E-03
+372.0000E-06,-24.8916465E-03
+372.5000E-06,-2.5926518E-03
+373.0000E-06,+28.8143831E-03
+373.5000E-06,+48.6793326E-03
+374.0000E-06,+58.4940310E-03
+374.5000E-06,+79.6937795E-03
+375.0000E-06,+90.8432769E-03
+375.5000E-06,+102.2283270E-03
+376.0000E-06,+110.5511912E-03
+376.5000E-06,+118.2459148E-03
+377.0000E-06,+122.3288293E-03
+377.5000E-06,+111.1793319E-03
+378.0000E-06,+109.5304626E-03
+378.5000E-06,+103.0920205E-03
+379.0000E-06,+88.6447844E-03
+379.5000E-06,+68.5442821E-03
+380.0000E-06,+61.0851114E-03
+380.5000E-06,+50.6422723E-03
+381.0000E-06,+36.3520714E-03
+381.5000E-06,+30.6202876E-03
+382.0000E-06,+47.2660160E-03
+382.5000E-06,+49.6215436E-03
+383.0000E-06,+60.5354883E-03
+383.5000E-06,+76.4745584E-03
+384.0000E-06,+92.2565934E-03
+384.5000E-06,+113.3778244E-03
+385.0000E-06,+143.6070954E-03
+385.5000E-06,+162.6083515E-03
+386.0000E-06,+188.1265673E-03
+386.5000E-06,+209.7189037E-03
+387.0000E-06,+233.4312150E-03
+387.5000E-06,+259.2635012E-03
+388.0000E-06,+275.9877473E-03
+388.5000E-06,+294.6749330E-03
+389.0000E-06,+317.0524453E-03
+389.5000E-06,+332.0493044E-03
+390.0000E-06,+343.1202842E-03
+390.5000E-06,+352.1498067E-03
+391.0000E-06,+364.7911383E-03
+391.5000E-06,+362.6711634E-03
+392.0000E-06,+352.6209123E-03
+392.5000E-06,+355.0549575E-03
+393.0000E-06,+346.7320932E-03
+393.5000E-06,+332.0493044E-03
+394.0000E-06,+329.6937768E-03
+394.5000E-06,+308.4155107E-03
+395.0000E-06,+288.2364908E-03
+395.5000E-06,+268.6070941E-03
+396.0000E-06,+250.5480490E-03
+396.5000E-06,+231.5467930E-03
+397.0000E-06,+214.2729238E-03
+397.5000E-06,+208.9337279E-03
+398.0000E-06,+195.9783260E-03
+398.5000E-06,+200.0612405E-03
+399.0000E-06,+192.1309642E-03
+399.5000E-06,+197.6271953E-03
+400.0000E-06,+205.1648837E-03
+400.5000E-06,+209.0907630E-03
+401.0000E-06,+226.2075970E-03
+401.5000E-06,+231.5467930E-03
+402.0000E-06,+235.3941547E-03
+402.5000E-06,+250.6265666E-03
+403.0000E-06,+267.9789534E-03
+403.5000E-06,+270.4915162E-03
+404.0000E-06,+279.1284507E-03
+404.5000E-06,+291.8482998E-03
+405.0000E-06,+297.1089782E-03
+405.5000E-06,+311.0065911E-03
+406.0000E-06,+313.2836011E-03
+406.5000E-06,+318.0731739E-03
+407.0000E-06,+315.7176463E-03
+407.5000E-06,+316.1887518E-03
+408.0000E-06,+310.7710383E-03
+408.5000E-06,+304.5681490E-03
+409.0000E-06,+290.1994305E-03
+409.5000E-06,+271.9048327E-03
+410.0000E-06,+254.8665163E-03
+410.5000E-06,+231.1542050E-03
+411.0000E-06,+193.8583511E-03
+411.5000E-06,+165.3564670E-03
+412.0000E-06,+130.8087287E-03
+412.5000E-06,+95.7898849E-03
+413.0000E-06,+71.6064680E-03
+413.5000E-06,+45.3815939E-03
+414.0000E-06,+16.6441571E-03
+414.5000E-06,+7.9287049E-03
+415.0000E-06,-2.2000638E-03
+415.5000E-06,-9.8162698E-03
+416.0000E-06,-22.4576013E-03
+416.5000E-06,-13.8206667E-03
+417.0000E-06,-13.8206667E-03
+417.5000E-06,-9.6592346E-03
+418.0000E-06,-9.6592346E-03
+418.5000E-06,-9.5807170E-03
+419.0000E-06,+8.7138808E-03
+419.5000E-06,+7.9287049E-03
+420.0000E-06,+10.9123732E-03
+420.5000E-06,+17.1152626E-03
+421.0000E-06,+17.2722978E-03
+421.5000E-06,+17.1152626E-03
+422.0000E-06,+17.9004385E-03
+422.5000E-06,+11.6975491E-03
+423.0000E-06,+4.5524487E-03
+423.5000E-06,-9.6592346E-03
+424.0000E-06,-16.4117471E-03
+424.5000E-06,-31.8797118E-03
+425.0000E-06,-52.4513196E-03
+425.5000E-06,-76.6347364E-03
+426.0000E-06,-94.8508166E-03
+426.5000E-06,-126.2578515E-03
+427.0000E-06,-158.8426501E-03
+427.5000E-06,-188.9148860E-03
+428.0000E-06,-213.4123731E-03
+428.5000E-06,-248.2741818E-03
+429.0000E-06,-276.1479252E-03
+429.5000E-06,-301.1165179E-03
+430.0000E-06,-322.7873720E-03
+430.5000E-06,-339.8256884E-03
+431.0000E-06,-349.0122461E-03
+431.5000E-06,-353.8018189E-03
+432.0000E-06,-370.6831001E-03
+432.5000E-06,-373.2741805E-03
+433.0000E-06,-370.9186529E-03
+433.5000E-06,-371.4682760E-03
+434.0000E-06,-372.5675222E-03
+434.5000E-06,-367.8564670E-03
+435.0000E-06,-358.4343565E-03
+435.5000E-06,-352.3099847E-03
+436.0000E-06,-349.4833516E-03
+436.5000E-06,-343.4374974E-03
+437.0000E-06,-331.2672714E-03
+437.5000E-06,-330.0109900E-03
+438.0000E-06,-323.1799599E-03
+438.5000E-06,-312.3445329E-03
+439.0000E-06,-314.3859901E-03
+439.5000E-06,-317.4481760E-03
+440.0000E-06,-317.9192816E-03
+440.5000E-06,-328.8332262E-03
+441.0000E-06,-344.1441557E-03
+441.5000E-06,-350.4255626E-03
+442.0000E-06,-362.9098590E-03
+442.5000E-06,-387.4073461E-03
+443.0000E-06,-411.7477981E-03
+443.5000E-06,-433.6542049E-03
+444.0000E-06,-467.2597322E-03
+444.5000E-06,-493.7986767E-03
+445.0000E-06,-521.1227970E-03
+445.5000E-06,-548.6039525E-03
+446.0000E-06,-571.6096055E-03
+446.5000E-06,-575.8495552E-03
+447.0000E-06,-585.0361129E-03
+447.5000E-06,-586.8420174E-03
+448.0000E-06,-581.2672687E-03
+448.5000E-06,-581.3457863E-03
+449.0000E-06,-572.5518165E-03
+449.5000E-06,-553.4720429E-03
+450.0000E-06,-543.5788269E-03
+450.5000E-06,-528.0323446E-03
+451.0000E-06,-510.4444051E-03
+451.5000E-06,-488.7735511E-03
+452.0000E-06,-464.9827222E-03
+452.5000E-06,-451.6347324E-03
+453.0000E-06,-430.1994311E-03
+453.5000E-06,-411.8263157E-03
+454.0000E-06,-396.0442807E-03
+454.5000E-06,-384.5807130E-03
+455.0000E-06,-372.2534518E-03
+455.5000E-06,-368.0920197E-03
+456.0000E-06,-365.0298338E-03
+456.5000E-06,-354.2729244E-03
+457.0000E-06,-354.9010651E-03
+457.5000E-06,-362.6743062E-03
+458.0000E-06,-370.8401353E-03
+458.5000E-06,-372.7245574E-03
+459.0000E-06,-385.9940296E-03
+459.5000E-06,-400.2842304E-03
+460.0000E-06,-414.1818433E-03
+460.5000E-06,-429.2572201E-03
+461.0000E-06,-439.3074712E-03
+461.5000E-06,-453.9902600E-03
+462.0000E-06,-466.1604860E-03
+462.5000E-06,-465.7678981E-03
+463.0000E-06,-465.0612398E-03
+463.5000E-06,-454.7754359E-03
+464.0000E-06,-453.2836017E-03
+464.5000E-06,-448.9651344E-03
+465.0000E-06,-438.7578481E-03
+465.5000E-06,-412.9255620E-03
+466.0000E-06,-399.9701601E-03
+466.5000E-06,-387.9569693E-03
+467.0000E-06,-366.6787032E-03
+467.5000E-06,-336.9990552E-03
+468.0000E-06,-312.7371208E-03
+468.5000E-06,-290.9877492E-03
+469.0000E-06,-262.7999354E-03
+469.5000E-06,-231.6284533E-03
+470.0000E-06,-207.6020717E-03
+470.5000E-06,-187.7371222E-03
+471.0000E-06,-165.4381274E-03
+471.5000E-06,-145.1805899E-03
+472.0000E-06,-127.8282032E-03
+472.5000E-06,-119.4268214E-03
+473.0000E-06,-106.8640074E-03
+473.5000E-06,-97.5989322E-03
+474.0000E-06,-102.7025753E-03
+474.5000E-06,-94.0656407E-03
+475.0000E-06,-99.0122487E-03
+475.5000E-06,-117.1498114E-03
+476.0000E-06,-130.2622484E-03
+476.5000E-06,-141.2547106E-03
+477.0000E-06,-151.3049617E-03
+477.5000E-06,-172.2691575E-03
+478.0000E-06,-180.6705393E-03
+478.5000E-06,-190.5637553E-03
+479.0000E-06,-186.5593583E-03
+479.5000E-06,-179.6498107E-03
+480.0000E-06,-169.9921475E-03
+480.5000E-06,-154.4456652E-03
+481.0000E-06,-148.7138814E-03
+481.5000E-06,-130.4978012E-03
+482.0000E-06,-100.1900125E-03
+482.5000E-06,-85.5072238E-03
+483.0000E-06,-67.1341084E-03
+483.5000E-06,-41.5373750E-03
+484.0000E-06,-10.6014457E-03
+484.5000E-06,+10.3627501E-03
+485.0000E-06,+30.2276996E-03
+485.5000E-06,+52.6052120E-03
+486.0000E-06,+73.1768198E-03
+486.5000E-06,+89.9795834E-03
+487.0000E-06,+107.5675229E-03
+487.5000E-06,+119.8162665E-03
+488.0000E-06,+131.0442815E-03
+488.5000E-06,+129.7880001E-03
+489.0000E-06,+132.8501860E-03
+489.5000E-06,+132.6931508E-03
+490.0000E-06,+126.1761911E-03
+490.5000E-06,+112.1215430E-03
+491.0000E-06,+111.4148847E-03
+491.5000E-06,+91.7854879E-03
+492.0000E-06,+71.7635032E-03
+492.5000E-06,+56.0599858E-03
+493.0000E-06,+40.1994332E-03
+493.5000E-06,+20.4915188E-03
+494.0000E-06,+9.4990566E-03
+494.5000E-06,-7.8533301E-03
+495.0000E-06,-11.4651391E-03
+495.5000E-06,-11.6221743E-03
+496.0000E-06,-10.9155160E-03
+496.5000E-06,-13.2710436E-03
+497.0000E-06,-21.9864958E-03
+497.5000E-06,-11.4651391E-03
+498.0000E-06,-8.0888829E-03
+498.5000E-06,+9.1064687E-03
+499.0000E-06,+10.4412677E-03
+499.5000E-06,+28.1862424E-03
